word,frequency
SHAFT,1909
PLATE,1859
SPACER,1517
BLOCK,1438
CHAIN,1326
BEARING,1095
BAR,1026
RAIL,1002
BORE,955
GUIDE,908
SUPPORT,744
MTG,737
SPROCKET,737
CABLE,698
DRIVE,648
INOD,638
BELT,611
CLAMP,580
RING,569
BRACKET,566
ROD,527
PULLEY,515
MOUNT,506
AIR,504
DOOR,498
GEAR,490
IDLER,482
VALVE,469
MOUNTING,465
PIN,464
GEARBOX,460
BUSHING,450
DIA,449
NPT,446
SCREW,434
HEAD,433
SEAL,433
CAM,417
FOR,402
GUARD,398
TYPE,395
TIMING,394
SPRING,392
SIDE,391
INID,390
FITTING,389
END,371
TOP,363
HUB,357
MALE,357
MOTOR,355
TRANSPORT,355
ROLLER,351
LUG,346
INLG,339
HEX,324
PUSHER,321
CYLINDER,317
INBORE,314
PANEL,298
ASSY,296
SET,292
FRAME,292
COVER,284
SWITCH,283
LOWER,275
CONNECTOR,272
ARM,271
UPPER,269
COUPLING,269
NUT,267
ISO,265
WASHER,263
ADAPTER,258
COLLAR,257
TUBE,256
ADJ,254
VAC,245
POST,245
SENSOR,244
WORM,243
PER,241
ELBOW,241
BUCKET,240
VACUUM,240
SLIDE,228
PIPE,227
LONG,225
PIVOT,225
BOTTOM,219
FLAT,218
BALL,217
BASE,216
HANDLE,216
PURCHASE,216
FEED,215
FEMALE,211
PRINT,210
CYL,209
BRG,207
WITH,205
FLANGE,204
CUP,203
ANGLE,200
VDC,197
MATCHED,196
WIRE,193
RIGHT,190
HOUSING,183
ENCLOSURE,183
MODULE,181
CAP,180
STOP,180
SERIES,179
KIT,176
FLAP,174
FRONT,172
GASKET,171
PRESSURE,168
PLUG,165
TRACK,164
INFEED,164
PITCH,163
TUBING,163
STRAIGHT,162
LINEAR,160
DISCHARGE,160
ROLL,159
NIPPLE,159
SOPORTE,159
SHOE,158
WEAR,157
STUD,154
TRANSFER,154
CONVEYOR,153
KNOB,150
PORT,150
ASSEMBLY,150
FLOW,149
ROUND,149
CARTON,149
STRIP,148
INSERT,147
FLANGED,147
HOSE,145
LINK,145
RED,143
SERVO,143
EXTENSION,143
SAFETY,142
BOLT,141
HOLE,140
THREAD,140
CHN,139
EXT,138
MANIFOLD,135
SHOULDER,135
HTD,134
STAR,134
STRIPPER,133
HINGE,132
SLEEVE,131
STEEL,130
LOADER,130
WLDMNT,130
WALL,129
SINGLE,129
THK,128
RETAINING,128
WELDMENT,127
POWER,125
DOUBLE,125
RETAINER,125
MAIN,124
STANDOFF,124
BACK,122
SHIM,122
WIDE,121
WHEEL,121
SECTION,121
FILM,120
OEM,119
NOZZLE,118
CONTROL,118
ACTUATOR,118
PLUNGER,117
TENSIONER,116
CAN,115
INNER,115
SIZE,114
THRUST,114
ALUM,113
ADJUST,113
HOLLOW,113
STAINLESS,113
REDUCER,111
ADJUSTMENT,111
PIECE,110
HEATER,110
BODY,109
CONN,109
REAR,109
LIGHT,109
POLE,108
KEY,107
HEAT,107
SOCKET,107
EJE,106
FILTER,106
RADIAL,106
JACK,105
GAS,104
PUSHBUTTON,104
DIN,103
OIL,103
LEGEND,103
ETHERNET,103
CORD,102
ONE,101
QUICK,101
CTR,100
DEG,100
OUTER,100
REGULATOR,100
WAY,99
CENTER,99
OFF,98
PISTON,97
TMG,96
PLAIN,96
OUTPUT,96
MODIFIED,96
VERTICAL,96
ELECTRICAL,96
TEE,95
LEG,94
FOLLOWER,94
TAKE,93
GLUE,91
UNION,91
ADJUSTABLE,91
AWG,90
CIP,90
TIE,90
PLASTIC,90
GUIA,89
DEEP,88
TORQUE,88
CARRIER,88
THD,87
LOCK,87
INTHK,87
SOLENOID,87
SPUR,86
BLACK,86
MODEL,84
THREADED,84
DEPTH,83
FIXED,83
GAUGE,83
TERMINAL,83
BOX,82
PNP,82
RELAY,82
STROKE,82
WELD,81
LIFTER,81
LOCKING,81
LATCH,80
COMPRESSION,79
AND,78
HIGH,78
METER,78
HANDWHEEL,78
AMP,77
CLIP,77
FILLER,77
UPRIGHT,77
LOW,76
PUSH,76
KNIFE,76
SPLIT,76
NUMBER,76
DBL,75
CONV,75
FOOT,75
WHITE,75
CLUTCH,75
GRIP,74
SPINDLE,74
MAGAZINE,73
PSI,72
HAND,72
GROOVE,72
DISC,71
LEFT,71
FESTO,71
DEGREE,71
DIAMETER,71
PNEUMATIC,70
UPR,69
START,69
CONTACT,69
INWD,68
CLEVIS,68
DIE,67
SPLINE,67
CIRCUIT,67
ADJUSTING,67
FUSE,66
CROSS,66
DIGITAL,66
INDICATOR,66
BRZ,65
GUN,65
SGL,65
TRI,65
FLEX,65
PUNCH,65
RETURN,65
LEADING,65
SPECIAL,65
HOLDER,64
VECTOR,64
CASTING,64
STATION,64
PHOTOELECTRIC,64
LWR,63
LIFT,63
BLANK,63
LABEL,63
KINETIX,63
NON,62
STR,62
BOTH,62
CRANK,62
VOIDER,62
WIREWAY,62
EUROFAST,62
EXTRUSION,62
TWO,61
DOWN,61
TOOLING,61
CUT,60
LANE,60
TEFLON,60
MID,59
NEMA,59
RACK,59
PILLOW,59
CFS,58
SOLID,58
SPEED,58
POLY,57
PUMP,57
TRAY,57
BRAKE,57
INDIA,57
CLOSER,57
BREAKER,57
DIVERTER,57
RATIO,56
BOTTLE,56
CURVED,56
BKT,55
LED,55
BORED,55
VITON,55
MATERIAL,55
REDUCING,55
CONNECTING,55
CAST,54
PROX,54
SIGN,54
WLDMT,54
SUPPLY,54
ADAPTOR,54
GREEN,53
SHORT,53
SINTERED,53
ECCENTRIC,53
MOD,52
DUAL,52
PLATEN,52
CLOSING,52
OPERATOR,52
PLANETARY,52
LEXAN,51
STYLE,51
SYSTEM,51
NOMINAL,51
GUARDING,51
POSITION,51
MPT,50
INSULATOR,50
PROXIMITY,50
LINE,49
STEM,49
MOVING,49
TRAILING,49
INP,48
MMX,48
LEVER,48
RACOR,48
LENGTH,48
ROTARY,48
PRODUCT,48
INR,47
MAG,47
FINGER,47
TAKEUP,47
NAMEPLATE,47
TAPERLOCK,47
ANG,46
CTN,46
BLUE,46
BUNA,46
BUSH,46
BRASS,46
POINT,46
TEETH,46
TREAD,46
CHANGE,46
GREASE,46
INLINE,46
MIDDLE,46
CONDUIT,46
OUT,45
DISK,45
METRIC,45
PINION,45
CABINET,45
RPM,44
CODER,44
FOLDER,44
SQUARE,44
FERRULE,44
RODILLO,44
LID,43
BRKT,43
PART,43
TAMP,43
TOOL,43
THICK,43
SEALER,43
BULKHEAD,43
SILICONE,43
INTERFACE,43
PAD,42
PVC,42
INCH,42
LEAD,42
RECT,42
SLOT,42
YOKE,42
COUNT,42
INPUT,42
TAPER,42
BARREL,42
TAPPED,42
EXTERNAL,42
CASQUILLO,42
POLYCHAIN,42
BSP,41
EYE,41
CONE,41
ENDS,41
HOLD,41
OPEN,41
FIBER,41
JOINT,41
LASER,41
NYLON,41
BUTTON,41
CHANNEL,41
KEYLESS,41
ARANDELA,41
STARWHEEL,41
PUR,40
DISCONNECT,40
NIP,39
STD,39
USE,39
CERT,39
PINS,39
SHEET,39
LOCATOR,39
BTM,38
CON,38
GLASS,38
HEAVY,38
PILOT,38
BRONZE,38
POPPET,38
RUBBER,38
ROW,37
SNAP,37
UHMW,37
DOWEL,37
MOLDED,37
PLATED,37
DIAMOND,37
LEGENDS,37
MUFFLER,37
PROFILE,37
EXTENDED,37
POS,36
FILL,36
NOSE,36
EXHAUST,36
FEEDBACK,36
FIJACION,36
FLEXIBLE,36
ATTACHMENT,36
FRT,35
HYD,35
MNT,35
SOL,35
TURN,35
FLUSH,35
PRESS,35
STAND,35
BUMPER,35
DRIVEN,35
METERS,35
GRIPPER,35
LEVELING,35
MAGNETIC,35
INX,34
MAP,34
AISI,34
COIL,34
LUBE,34
TANK,34
THRD,34
VERT,34
SWIVEL,34
WINGED,34
LIFTING,34
VOLTAGE,34
VEE,33
FACE,33
THRU,33
BEVEL,33
CRIMP,33
ORING,33
RELEASE,33
ALUMINUM,33
CARRIAGE,33
CONFINER,33
STIFFENER,33
GATE,32
SECT,32
CLASS,32
CLEAR,32
SCALE,32
ELEMENT,32
SEALING,32
URETHANE,32
WASHDOWN,32
RODAMIENTO,32
BBL,31
IDX,31
TIP,31
GAGE,31
MNPT,31
RFID,31
BLADE,31
DRAIN,31
WIDTH,31
FLYING,31
INWALL,31
MAGNET,31
ENCODER,31
PALANCA,31
CILINDRO,31
WEARSTRIP,31
CAT,30
DWN,30
HLD,30
HOT,30
JIC,30
PKG,30
STL,30
TAB,30
EDGE,30
UNIT,30
ARBOR,30
BOARD,30
ACETAL,30
FEEDER,30
POCKET,30
SPLINED,30
SETSCREW,30
SQUARING,30
AMPLIFIER,30
SEPARADOR,30
SPHERICAL,30
UNIVERSAL,30
BLK,29
JAW,29
KVA,29
ANTI,29
MINI,29
PLTC,29
PTFE,29
HOLES,29
TOOTH,29
NEEDLE,29
SHIELD,29
YELLOW,29
STEPPED,29
INTERNAL,29
LOCATING,29
REGULACION,29
IEC,28
TAP,28
ANLD,28
METAL,28
MICRO,28
HEIGHT,28
PIPING,28
BELLOWS,28
INERTIA,28
WARNING,28
TRANSFORMER,28
THERMOCOUPLE,28
UCC,27
CODE,27
TUBO,27
OPTIC,27
RAPIDO,27
TUNNEL,27
CLADDING,27
STANDARD,27
TORNILLO,27
CONTACTOR,27
DOWNSTREAM,27
HORIZONTAL,27
RECEPTACLE,27
POSITIONING,27
INTERMEDIATE,27
INW,26
STA,26
DISP,26
DROP,26
ONLY,26
TALL,26
TWIN,26
MAJOR,26
SWEEP,26
ANALOG,26
OFFSET,26
STREET,26
WRENCH,26
COMPACT,26
CORDSET,26
BRUSHLESS,26
COMPONENT,26
FPT,25
HMI,25
MAC,25
HALF,25
LOAD,25
INCTR,25
PHASE,25
KEYWAY,25
COUNTER,25
DRAWING,25
HOLDING,25
KNURLED,25
OUTFEED,25
MIDPLATE,25
SILENCER,25
SPREADER,25
UPSTREAM,25
CROSSMEMBER,25
EPR,24
GRD,24
RIB,24
BSHG,24
COLOR,24
THREE,24
CORNER,24
MANUAL,24
PRIMARY,24
CIRCULAR,24
CLAMPING,24
INFERIOR,24
SELECTOR,24
SHIELDED,24
CHAINRAIL,24
STACKLIGHT,24
ABB,23
FDA,23
INL,23
REG,23
SCH,23
UNI,23
GREY,23
MAXI,23
CATCH,23
GLAND,23
GRADE,23
INNOM,23
LARGE,23
PLACA,23
COLLET,23
REWIND,23
TUCKER,23
CHAMBER,23
MANDREL,23
SPANISH,23
FRICTION,23
PRECISION,23
REFLECTOR,23
CRS,22
OTR,22
PWR,22
BSPT,22
CORE,22
ENET,22
SELF,22
CLOSE,22
RULON,22
ANCHOR,22
INSIDE,22
UNWIND,22
CROWNED,22
LOADING,22
PILOTED,22
CARTRIDGE,22
HRS,21
IND,21
LOC,21
NOM,21
ACME,21
BEAM,21
DUTY,21
SPKT,21
TOPE,21
BRACE,21
LIMIT,21
PHOTO,21
PORTS,21
WIPER,21
CARBON,21
WINDOW,21
CONNECT,21
COUPLER,21
LATERAL,21
LIMITER,21
MODULAR,21
TURRION,21
CAPACITY,21
OVERLOAD,21
SEPARATOR,21
CILINDRICO,21
FFF,20
MAX,20
COMP,20
DIST,20
PLUS,20
PULL,20
ANVIL,20
PATCH,20
STACK,20
BANNER,20
DRIVER,20
FINISH,20
MUELLE,20
PILLAR,20
REJECT,20
SCREEN,20
CREEPER,20
MORDAZA,20
COJINETE,20
HARDENED,20
OVERHEAD,20
PICOFAST,20
PLATFORM,20
SNAPRING,20
ULTRASONIC,20
REPLACEMENT,20
OAL,19
ODX,19
PAN,19
SAE,19
SCR,19
FOOD,19
FULL,19
INSR,19
PEEK,19
RAMP,19
SOFT,19
CHECK,19
INLET,19
MULTI,19
PAPEL,19
RATED,19
SMALL,19
SPOOL,19
SWING,19
TABLE,19
WATER,19
WEDGE,19
ACCESS,19
GUIDES,19
GUSSET,19
KEEPER,19
MICRON,19
SPIRAL,19
BURNOUT,19
GASSING,19
TAPERED,19
TENSION,19
ORBITRAK,19
SANITARY,19
SOLDADOR,19
GEARMOTOR,19
REGULADOR,19
RESERVOIR,19
SMARTLINK,19
POLYURETHANE,19
FLG,18
RND,18
SMC,18
STN,18
WEB,18
FORK,18
SING,18
TAIL,18
AUGER,18
BOLAS,18
BRIDA,18
CHUTE,18
FIELD,18
DELRIN,18
RELIEF,18
REMOTE,18
SALIDA,18
LOCKNUT,18
ROSCADO,18
BEARINGS,18
JUNCTION,18
SUPERIOR,18
TRANSITION,18
TRAPEZOIDAL,18
DIV,17
REF,17
RTD,17
STM,17
SUP,17
AXIS,17
CASE,17
FREE,17
OVER,17
TEXT,17
ALLEN,17
BRUSH,17
INNPT,17
OILER,17
STRAP,17
TAPON,17
BARBED,17
CENTRE,17
RIGIDO,17
WEIGHT,17
ENDLESS,17
ENGLISH,17
FIXTURE,17
INCLINE,17
PACKAGE,17
SEGMENT,17
SLIDING,17
ADJUSTER,17
INVERTED,17
METERING,17
CONTAINER,17
JACKSCREW,17
PANELVIEW,17
PROCESSOR,17
COMPONENTS,17
LUBRICATOR,17
ACT,16
BUS,16
HDC,16
SQZ,16
VQC,16
BELL,16
BSPP,16
DIAL,16
GRAY,16
HOOD,16
PNEU,16
PROD,16
PUCK,16
USED,16
BOSCH,16
BREAK,16
LEVEL,16
PARTS,16
GROUND,16
HOPPER,16
PADDLE,16
STRESS,16
TRAVEL,16
TUERCA,16
GROMMET,16
MOVOTEC,16
SCANNER,16
SLOTTED,16
SQUEEZE,16
DETECTOR,16
COPOLYMER,16
EXPANSION,16
HYDRAULIC,16
PROTECTOR,16
STRONGARM,16
TRIANGULO,16
CONNECTION,16
STIFFENING,16
BLT,15
FEM,15
INH,15
INT,15
LIP,15
MIN,15
PNL,15
VFD,15
AUTO,15
DUST,15
HARD,15
LENS,15
MELT,15
RACE,15
SAFE,15
SUPP,15
TIME,15
WASH,15
DRILL,15
ENTRY,15
INDEX,15
KEYED,15
RIGID,15
SPOUT,15
SPRAY,15
STATE,15
BACKUP,15
BRANCH,15
COGNEX,15
CUTTER,15
FUNNEL,15
MISUMI,15
MOTORS,15
SLIDER,15
TOGGLE,15
EYEBOLT,15
HELICAL,15
JACKING,15
LEAFLET,15
LINKAGE,15
MACHINE,15
VARILLA,15
ABSOLUTE,15
AGITATOR,15
DENESTER,15
WORMGEAR,15
CONDITIONER,15
DISTRIBUTION,15
INO,14
MET,14
PLT,14
CONT,14
DEAD,14
FLNG,14
GRBX,14
INOX,14
LISO,14
MESH,14
MURR,14
ROPE,14
TERM,14
VENT,14
WATT,14
WORK,14
EXTRA,14
INAIN,14
MINOR,14
PURGE,14
SHAPE,14
SHELF,14
GASSER,14
GUIDED,14
JUMPER,14
LUMBER,14
SERCOS,14
SPLICE,14
STATIC,14
CARBIDE,14